{
    "camera": {
        "model": "OPENCV",
        "height": 1920,
        "width": 1080,
        "intrinsics_matrix": [
            [ 1277.3856965550092,    0.0000000000000,  959.5867016239779],
            [    0.0000000000000, 1278.3047997048330,  536.1676617413374],
            [    0.0000000000000,    0.0000000000000,    1.0000000000000]
        ],
        "distortion_coefficients": [
                 0.00169198646447715050,
                 0.01477209493338273300,
                -0.00047635862296108730,
                -0.00022248969398609676,
                -0.05806780843572044400
            ]
    },
    "extractor": {
        "num_images": 300,
        "num_marked": 20,
        "marker_length": 0.341,
        "marker_id": 0
    }
}