{   
    "name": "carl",
    "mass": 1.144,
    "massless_inertia": [0.019416,0.019416,0.036816],
    "arm_front": [0.075,0.100],
    "arm_back" : [0.075,0.100],
    "force_normalized" : 6.90,
    "torque_gain": 0.040,
    "number_of_rotors": 4,
    "camera_to_body_transform":
    [
        [-0.00866, -0.12186, -0.99250,  0.10000],
        [ 0.99938, -0.03463, -0.00446, -0.03100],
        [-0.03383, -0.99194,  0.12209, -0.01200],
        [ 0.00000,  0.00000,  0.00000,  1.00000]
    ]    
}